id,firstName,lastName,email,gender,ipAddress
1,Alano,Purveys,apurveys0@privacy.gov.au,Male,121.30.163.9
2,Gustave,Colbourn,gcolbourn1@slate.com,Male,53.124.92.231
3,Leroi,Winspar,lwinspar2@nyu.edu,Male,69.171.199.224
4,Eli,Deshorts,edeshorts3@studiopress.com,Male,209.60.70.208
5,Lilas,Rodnight,lrodnight4@naver.com,Female,193.241.64.153
6,Lulita,Itzkin,litzkin5@angelfire.com,Female,237.229.213.101
7,Kare,Snashall,ksnashall6@noaa.gov,Female,102.162.40.75
8,Lilia,Meeking,lmeeking7@columbia.edu,Female,219.198.62.229
9,Kele,Fernandez,kfernandez8@telegraph.co.uk,Male,32.22.22.186
10,Brucie,Jedrych,bjedrych9@i2i.jp,Male,30.53.147.32
11,Farly,Dixey,fdixeya@wikispaces.com,Male,116.110.77.68
12,Julian,Ganiford,jganifordb@bbb.org,Male,42.135.78.157
13,Fidel,Mantle,fmantlec@163.com,Male,131.160.251.155
14,Atlante,Kaliszewski,akaliszewskid@usgs.gov,Female,244.87.134.166
15,Paddy,Korneichik,pkorneichike@netvibes.com,Male,114.77.31.233
16,Siouxie,Fishley,sfishleyf@w3.org,Female,255.250.33.28
17,Lezlie,Edgson,ledgsong@pbs.org,Female,69.45.63.86
18,Mill,Kinge,mkingeh@wikimedia.org,Male,163.152.155.104
19,Granville,Cavnor,gcavnori@dion.ne.jp,Male,4.22.246.154
20,Zachary,Thorald,zthoraldj@state.tx.us,Male,72.254.75.31
21,Garold,Mish,gmishk@rambler.ru,Male,129.169.137.9
22,Fons,Shevelin,fshevelinl@storify.com,Male,219.237.224.79
23,Cacilia,Lucus,clucusm@ycombinator.com,Female,9.91.161.57
24,Nickolai,McGuire,nmcguiren@creativecommons.org,Male,74.233.218.156
25,Marney,Chalice,mchaliceo@reuters.com,Female,240.250.188.66
26,Royall,Hugh,rhughp@wsj.com,Male,168.221.97.95
27,Shawna,Handrock,shandrockq@biglobe.ne.jp,Female,32.13.20.51
28,Wiatt,Guerin,wguerinr@digg.com,Male,255.73.85.62
29,Enriqueta,Turney,eturneys@photobucket.com,Female,249.56.155.157
30,Brynna,Chazotte,bchazottet@bloglines.com,Female,32.154.158.176
31,Mickie,Dicks,mdicksu@amazon.de,Female,70.186.143.234
32,Reynold,Videan,rvideanv@vkontakte.ru,Male,238.173.109.192
33,Ava,Daldry,adaldryw@youtube.com,Female,168.120.164.246
34,Ruttger,Scholcroft,rscholcroftx@behance.net,Male,115.45.239.19
35,Hercules,Fitzsimon,hfitzsimony@virginia.edu,Male,72.251.70.153
36,Erna,Coucher,ecoucherz@dedecms.com,Female,34.145.73.89
37,Huey,Denys,hdenys10@senate.gov,Male,130.231.218.163
38,Morrie,Somerset,msomerset11@amazon.co.uk,Male,113.39.41.148
39,Marabel,Osanne,mosanne12@bizjournals.com,Female,217.142.171.104
40,Jarvis,Hamberston,jhamberston13@bing.com,Male,56.142.72.253
41,Juana,Rayburn,jrayburn14@ibm.com,Female,0.88.203.155
42,Cacilia,Le Marchant,clemarchant15@diigo.com,Female,183.245.64.248
43,Mendel,Ramel,mramel16@dmoz.org,Male,187.238.114.152
44,Yovonnda,Selkirk,yselkirk17@amazon.co.uk,Female,96.47.170.62
45,Dannie,Stirgess,dstirgess18@noaa.gov,Male,45.203.243.29
46,Trstram,Trayton,ttrayton19@cbslocal.com,Male,57.229.132.54
47,Sharia,Neiland,sneiland1a@sogou.com,Female,123.118.98.50
48,Shawn,Basketfield,sbasketfield1b@slate.com,Male,132.229.28.235
49,Clotilda,Prendeguest,cprendeguest1c@nationalgeographic.com,Female,29.123.255.90
50,Pascale,Klesel,pklesel1d@loc.gov,Male,65.183.202.6
51,Samson,Depport,sdepport1e@plala.or.jp,Male,209.117.168.208
52,Editha,Boik,eboik1f@vk.com,Female,83.226.1.86
53,Jason,Lere,jlere1g@pbs.org,Male,193.213.38.173
54,Brew,Sitlington,bsitlington1h@wired.com,Male,81.102.116.47
55,Libby,Overy,lovery1i@naver.com,Female,214.24.166.104
56,Ilyse,MacSharry,imacsharry1j@nyu.edu,Female,108.106.42.83
57,Renato,Simmonds,rsimmonds1k@comsenz.com,Male,106.106.247.136
58,Frank,Bilbrey,fbilbrey1l@japanpost.jp,Male,181.137.84.104
59,Gilly,Ebbin,gebbin1m@nih.gov,Female,108.239.21.101
60,Marty,Darlaston,mdarlaston1n@sitemeter.com,Female,46.135.22.34
61,Gleda,Chidgey,gchidgey1o@msn.com,Female,233.30.43.82
62,Hashim,Willavize,hwillavize1p@harvard.edu,Male,255.173.183.20
63,Mariel,Feltoe,mfeltoe1q@telegraph.co.uk,Female,138.95.87.237
64,Kearney,Davids,kdavids1r@edublogs.org,Male,246.25.34.127
65,Wilfrid,Hessentaler,whessentaler1s@amazon.co.uk,Male,32.158.1.194
66,Cece,Ivanin,civanin1t@independent.co.uk,Male,175.81.86.35
67,Elinor,Loblie,eloblie1u@cbslocal.com,Female,71.145.165.158
68,Kylie,Rosensaft,krosensaft1v@unblog.fr,Male,122.195.124.78
69,Michaella,Chilcotte,mchilcotte1w@webs.com,Female,240.48.52.173
70,Francine,Jordin,fjordin1x@dedecms.com,Female,167.249.156.217
71,Mirelle,Josefson,mjosefson1y@noaa.gov,Female,84.109.23.174
72,Emerson,Mityushkin,emityushkin1z@dailymotion.com,Male,86.141.248.78
73,Addia,Greenly,agreenly20@privacy.gov.au,Female,103.49.14.164
74,Janie,Matusson,jmatusson21@altervista.org,Female,77.207.242.79
75,Timoteo,McCambrois,tmccambrois22@archive.org,Male,193.245.136.240
76,Odie,Thurner,othurner23@mozilla.org,Male,101.184.62.234
77,Wynn,Morrott,wmorrott24@sitemeter.com,Female,38.96.152.125
78,Lucien,Diess,ldiess25@whitehouse.gov,Male,195.138.112.18
79,Allyce,Porker,aporker26@icq.com,Female,147.240.225.46
80,Hana,Skerme,hskerme27@hugedomains.com,Female,178.231.141.253
81,Katinka,Glawsop,kglawsop28@nymag.com,Female,117.230.247.226
82,Even,Blakey,eblakey29@vistaprint.com,Male,219.222.244.241
83,Mendel,Ville,mville2a@oaic.gov.au,Male,225.195.240.11
84,Phyllis,Farnell,pfarnell2b@squidoo.com,Female,59.233.103.60
85,Benita,Penberthy,bpenberthy2c@alexa.com,Female,208.204.49.138
86,Kristin,Sibbald,ksibbald2d@bloglovin.com,Female,169.239.89.97
87,Suzanna,Fumagalli,sfumagalli2e@howstuffworks.com,Female,79.116.53.178
88,Lillian,Beine,lbeine2f@artisteer.com,Female,121.81.63.239
89,Normand,Maude,nmaude2g@addthis.com,Male,191.217.52.51
90,Cyrill,Robbie,crobbie2h@opera.com,Male,107.213.240.27
91,Gerrie,Wolseley,gwolseley2i@usda.gov,Male,140.164.93.109
92,Jeremiah,Lunk,jlunk2j@chron.com,Male,186.235.182.64
93,Almira,Crasford,acrasford2k@qq.com,Female,17.185.60.244
94,Isacco,Vasyukhin,ivasyukhin2l@themeforest.net,Male,192.197.41.155
95,Desiree,Moorman,dmoorman2m@oaic.gov.au,Female,242.169.213.96
96,Debee,Duffitt,dduffitt2n@mozilla.com,Female,126.91.251.121
97,Chicky,Rogeron,crogeron2o@surveymonkey.com,Female,114.10.228.241
98,Eb,Coldridge,ecoldridge2p@naver.com,Male,253.9.128.59
99,Riccardo,Keays,rkeays2q@springer.com,Male,81.244.93.249
100,Daffy,Chazette,dchazette2r@parallels.com,Female,87.18.185.197
101,Angelo,Breach,abreach2s@wordpress.com,Male,151.158.216.54
102,Perri,Boylund,pboylund2t@123-reg.co.uk,Female,181.166.241.185
103,Arlen,Jewer,ajewer2u@miitbeian.gov.cn,Male,242.86.53.180
104,Iggy,Ferrolli,iferrolli2v@example.com,Male,68.55.8.19
105,Ignacio,Galley,igalley2w@nhs.uk,Male,203.87.219.191
106,Richmound,Ledram,rledram2x@e-recht24.de,Male,89.186.54.89
107,Inga,Ivanets,iivanets2y@webnode.com,Female,251.155.88.53
108,Dennie,Dixsee,ddixsee2z@facebook.com,Male,198.130.197.149
109,Sky,Emmanueli,semmanueli30@statcounter.com,Male,8.98.128.82
110,Saundra,Arnowicz,sarnowicz31@amazon.co.jp,Female,193.83.31.24
111,Franklin,De Paoli,fdepaoli32@china.com.cn,Male,47.77.226.115
112,Annabell,Foxcroft,afoxcroft33@barnesandnoble.com,Female,152.105.51.128
113,Ferd,Greening,fgreening34@ucsd.edu,Male,82.108.95.10
114,Benedetta,Fochs,bfochs35@oakley.com,Female,198.145.207.182
115,Freeland,Rablan,frablan36@mapquest.com,Male,122.47.55.34
116,Yorke,Methringham,ymethringham37@tamu.edu,Male,51.61.61.50
117,Averil,Dionis,adionis38@myspace.com,Female,125.67.82.148
118,Chico,Hedditeh,chedditeh39@baidu.com,Male,214.169.163.170
119,Adda,Grasha,agrasha3a@ning.com,Female,187.187.123.252
120,Bobby,Pfertner,bpfertner3b@foxnews.com,Female,208.61.190.77
121,Fax,Watts,fwatts3c@mac.com,Male,2.230.76.27
122,Molly,Cashley,mcashley3d@google.ru,Female,18.190.47.167
123,Corbett,Gurdon,cgurdon3e@netscape.com,Male,91.252.249.70
124,Jamil,Dory,jdory3f@about.com,Male,239.32.11.5
125,Lorelle,Mungan,lmungan3g@home.pl,Female,82.211.194.120
126,Shea,Fazzioli,sfazzioli3h@oracle.com,Male,48.40.164.40
127,Gisela,Leroux,gleroux3i@economist.com,Female,210.216.10.96
128,Base,Scandrick,bscandrick3j@amazon.co.uk,Male,40.193.241.200
129,Dimitry,Dobbinson,ddobbinson3k@themeforest.net,Male,159.30.162.171
130,Franny,Sange,fsange3l@t-online.de,Female,47.226.215.227
131,Udell,Raddin,uraddin3m@sfgate.com,Male,242.249.235.141
132,Gerome,Buffham,gbuffham3n@epa.gov,Male,224.78.122.98
133,Artemas,Assur,aassur3o@usda.gov,Male,208.98.193.95
134,Christabel,Hulcoop,chulcoop3p@si.edu,Female,163.46.146.171
135,Clarence,Hatto,chatto3q@discuz.net,Male,228.165.250.154
136,Shermie,Bush,sbush3r@youku.com,Male,249.160.230.178
137,Fidel,McGillreich,fmcgillreich3s@technorati.com,Male,19.187.18.226
138,Brewer,Fibbings,bfibbings3t@google.ca,Male,133.98.207.128
139,Shari,Peters,speters3u@va.gov,Female,141.190.239.203
140,Nan,Barnsdall,nbarnsdall3v@4shared.com,Female,79.125.214.234
141,Adrienne,Goude,agoude3w@pinterest.com,Female,145.131.46.237
142,Gilberta,Uman,guman3x@surveymonkey.com,Female,15.74.109.213
143,Clovis,Wynrehame,cwynrehame3y@ustream.tv,Female,7.34.43.202
144,Carmine,Boote,cboote3z@slate.com,Male,174.0.234.24
145,Filbert,Addington,faddington40@trellian.com,Male,207.88.63.31
146,Winthrop,Strainge,wstrainge41@house.gov,Male,188.86.148.249
147,Delmer,Oliveto,doliveto42@ameblo.jp,Male,157.170.246.110
148,Marijn,Kun,mkun43@narod.ru,Male,59.44.25.205
149,Jack,Deacock,jdeacock44@wikimedia.org,Male,69.82.211.240
150,Brigida,Toohey,btoohey45@yandex.ru,Female,197.254.23.120
151,Rodrigo,Goring,rgoring46@ustream.tv,Male,221.208.254.114
152,Gawain,Birt,gbirt47@surveymonkey.com,Male,87.241.143.11
153,Nickolas,Rosgen,nrosgen48@freewebs.com,Male,126.199.223.177
154,Irina,Dubble,idubble49@ezinearticles.com,Female,56.160.136.0
155,Norbert,Bice,nbice4a@netvibes.com,Male,146.43.198.112
156,Bogey,Pickthorn,bpickthorn4b@blogspot.com,Male,237.59.215.49
157,Riley,Nenci,rnenci4c@walmart.com,Male,54.153.124.184
158,Jessa,Figgs,jfiggs4d@state.gov,Female,150.0.240.244
159,Deck,Millott,dmillott4e@mozilla.com,Male,186.69.246.113
160,Janis,Mayou,jmayou4f@ehow.com,Female,147.92.14.7
161,Budd,Elcoux,belcoux4g@telegraph.co.uk,Male,2.138.128.69
162,Wait,Thresh,wthresh4h@japanpost.jp,Male,33.130.187.29
163,Loree,Deal,ldeal4i@businesswire.com,Female,230.27.185.14
164,Lamond,Pennicard,lpennicard4j@nsw.gov.au,Male,103.91.247.14
165,Wiley,Folbige,wfolbige4k@google.de,Male,143.216.217.83
166,Shea,Besemer,sbesemer4l@house.gov,Male,149.19.97.177
167,Muffin,Surcomb,msurcomb4m@feedburner.com,Male,117.142.148.117
168,Corrie,Brittin,cbrittin4n@howstuffworks.com,Female,82.201.143.113
169,Dilly,Kingsnode,dkingsnode4o@acquirethisname.com,Male,210.99.254.175
170,Gran,Kegg,gkegg4p@google.nl,Male,107.172.231.28
171,Aubrey,Pickervance,apickervance4q@thetimes.co.uk,Male,205.224.193.207
172,Dehlia,Broggio,dbroggio4r@ox.ac.uk,Female,123.219.133.215
173,Ruperta,Riggey,rriggey4s@lycos.com,Female,219.17.198.101
174,Lucio,Robert,lrobert4t@trellian.com,Male,83.69.90.119
175,Liza,Rilings,lrilings4u@addtoany.com,Female,23.71.143.227
176,Del,Wigin,dwigin4v@cbsnews.com,Female,109.253.26.165
177,Humberto,Ramalho,hramalho4w@virginia.edu,Male,203.142.190.26
178,Madelaine,Rickhuss,mrickhuss4x@vinaora.com,Female,242.236.230.69
179,Mikkel,Ivanichev,mivanichev4y@mail.ru,Male,127.139.62.157
180,Elyssa,Gudge,egudge4z@usda.gov,Female,99.13.252.86
181,Henri,Lazare,hlazare50@craigslist.org,Male,178.140.149.150
182,Lynnelle,McSherry,lmcsherry51@boston.com,Female,140.17.70.102
183,Estevan,Pargent,epargent52@thetimes.co.uk,Male,194.11.227.130
184,Vlad,Birtwistle,vbirtwistle53@dot.gov,Male,232.69.242.232
185,Eldon,Rozea,erozea54@discuz.net,Male,43.113.233.43
186,Fernande,Wraight,fwraight55@sitemeter.com,Female,161.64.171.28
187,Gerty,Casseldine,gcasseldine56@twitter.com,Female,89.194.199.207
188,Theo,Healey,thealey57@springer.com,Male,233.105.193.146
189,Max,Kelcey,mkelcey58@businesswire.com,Female,86.10.37.33
190,Jorrie,Orpen,jorpen59@quantcast.com,Female,149.209.192.86
191,Robby,Tappor,rtappor5a@github.io,Male,177.153.22.90
192,Beth,Dooland,bdooland5b@tinypic.com,Female,192.63.55.93
193,Kaile,Buterton,kbuterton5c@reference.com,Female,224.108.172.133
194,Jacky,Blakden,jblakden5d@fema.gov,Male,19.149.130.89
195,Burtie,Scorthorne,bscorthorne5e@discuz.net,Male,28.123.3.207
196,Eugene,Gadie,egadie5f@geocities.com,Male,210.38.190.233
197,Maison,Allison,mallison5g@wisc.edu,Male,38.71.6.163
198,Hillary,Sandlin,hsandlin5h@msn.com,Male,82.198.212.92
199,Chancey,Cansdale,ccansdale5i@spiegel.de,Male,189.186.5.140
200,Johnny,Kitson,jkitson5j@360.cn,Male,252.125.96.182
201,Finley,Cafferty,fcafferty5k@icio.us,Male,97.109.245.40
202,Ben,Clute,bclute5l@npr.org,Male,101.94.196.172
203,Lonny,Kolodziejski,lkolodziejski5m@posterous.com,Male,12.233.241.67
204,Tomkin,Evitt,tevitt5n@paypal.com,Male,242.189.118.78
205,Nathanael,Rosenhaus,nrosenhaus5o@sfgate.com,Male,88.237.5.114
206,Darby,Barras,dbarras5p@list-manage.com,Female,228.235.52.225
207,Cicely,Hatherall,chatherall5q@bandcamp.com,Female,247.178.119.91
208,Al,Withringten,awithringten5r@reddit.com,Male,25.55.4.79
209,Cob,Davidesco,cdavidesco5s@elpais.com,Male,251.123.227.98
210,Sid,Dhenin,sdhenin5t@mlb.com,Male,186.154.30.225
211,Patricio,Girodias,pgirodias5u@yandex.ru,Male,36.85.1.157
212,Dollie,Itzkovwich,ditzkovwich5v@ifeng.com,Female,239.175.127.78
213,Addie,Kensington,akensington5w@businesswire.com,Male,209.66.227.32
214,Margalit,Nicholls,mnicholls5x@tripadvisor.com,Female,177.119.101.208
215,Karil,Nan Carrow,knancarrow5y@jimdo.com,Female,178.171.185.237
216,Lazar,Grimwade,lgrimwade5z@spotify.com,Male,136.233.56.4
217,Hobey,Shillan,hshillan60@squidoo.com,Male,131.228.14.95
218,Stavro,Kolyagin,skolyagin61@edublogs.org,Male,147.140.215.155
219,Valentin,Gales,vgales62@mozilla.com,Male,142.71.103.187
220,Garwood,McIlhatton,gmcilhatton63@amazon.com,Male,94.81.102.74
221,Jud,Tubble,jtubble64@networkadvertising.org,Male,9.46.38.145
222,Kylynn,Kayzer,kkayzer65@fema.gov,Female,193.66.68.6
223,Tymon,Gueny,tgueny66@icq.com,Male,134.170.149.103
224,Quinn,Bruins,qbruins67@rakuten.co.jp,Female,185.78.92.41
225,Hadria,Adds,hadds68@webmd.com,Female,27.208.220.89
226,Guthrie,Scane,gscane69@alexa.com,Male,168.117.82.215
227,Milzie,Sedgmond,msedgmond6a@privacy.gov.au,Female,170.90.44.189
228,Melissa,Vader,mvader6b@facebook.com,Female,27.90.165.44
229,Carey,Hunnaball,chunnaball6c@about.com,Male,233.136.24.162
230,Ilario,Helgass,ihelgass6d@gizmodo.com,Male,23.140.170.52
231,Oralie,Hews,ohews6e@hud.gov,Female,249.195.23.98
232,Codie,Maffioni,cmaffioni6f@amazon.co.uk,Male,26.152.210.147
233,Gherardo,Seear,gseear6g@github.io,Male,28.212.0.143
234,Bunny,Storr,bstorr6h@google.co.jp,Female,85.40.63.171
235,Clarisse,Blamires,cblamires6i@samsung.com,Female,152.30.127.253
236,Deborah,Blonfield,dblonfield6j@marketwatch.com,Female,203.122.166.105
237,Bone,Mullender,bmullender6k@seattletimes.com,Male,96.99.233.92
238,Merle,Benaine,mbenaine6l@infoseek.co.jp,Male,195.247.62.147
239,Vergil,MacGillreich,vmacgillreich6m@aol.com,Male,43.216.2.36
240,Cheryl,McElvine,cmcelvine6n@sitemeter.com,Female,215.227.159.57
241,Kynthia,Earley,kearley6o@xing.com,Female,26.197.75.42
242,Leena,Borghese,lborghese6p@ameblo.jp,Female,8.237.112.204
243,Stillmann,Pomeroy,spomeroy6q@yolasite.com,Male,60.78.85.177
244,Daffie,Bayle,dbayle6r@techcrunch.com,Female,36.56.200.70
245,Nichole,Oret,noret6s@taobao.com,Male,109.114.124.125
246,Francyne,McGrotty,fmcgrotty6t@facebook.com,Female,218.106.164.51
247,Susy,Nelsen,snelsen6u@skype.com,Female,197.66.203.4
248,Geordie,Ragge,gragge6v@amazon.co.uk,Male,239.180.96.97
249,Kingsley,Panther,kpanther6w@imdb.com,Male,85.99.157.92
250,Hilly,Lusted,hlusted6x@slate.com,Male,18.253.77.246
251,August,Hatch,ahatch6y@house.gov,Male,74.185.115.124
252,Katlin,Haldane,khaldane6z@marketwatch.com,Female,77.88.132.239
253,Emmalee,Mackstead,emackstead70@slate.com,Female,25.209.54.250
254,Casandra,MacGown,cmacgown71@t-online.de,Female,62.26.226.38
255,Nadia,Colquit,ncolquit72@multiply.com,Female,246.213.142.247
256,Ingemar,Sheeres,isheeres73@hp.com,Male,162.112.107.25
257,Margareta,Grim,mgrim74@hc360.com,Female,126.191.187.25
258,Dimitry,Crummay,dcrummay75@domainmarket.com,Male,31.49.201.24
259,Reuven,Arsey,rarsey76@samsung.com,Male,67.73.205.29
260,Nevil,Stud,nstud77@hubpages.com,Male,161.216.23.83
261,Dirk,Brobeck,dbrobeck78@paginegialle.it,Male,128.234.153.196
262,Maurie,Behr,mbehr79@china.com.cn,Male,26.205.230.146
263,Gar,Neubigging,gneubigging7a@cyberchimps.com,Male,237.197.188.145
264,Finn,Poter,fpoter7b@elpais.com,Male,110.94.151.159
265,Tabina,Baldry,tbaldry7c@fastcompany.com,Female,57.26.0.209
266,Vanda,Crafter,vcrafter7d@cornell.edu,Female,204.138.242.41
267,Sherri,Leyburn,sleyburn7e@ameblo.jp,Female,180.37.232.118
268,Marilin,Sitch,msitch7f@loc.gov,Female,45.14.115.67
269,Daria,Glenton,dglenton7g@bigcartel.com,Female,23.221.129.150
270,Sheba,Driscoll,sdriscoll7h@google.ru,Female,195.20.189.67
271,Eberhard,Clever,eclever7i@newyorker.com,Male,188.15.91.27
272,Hugo,MacCurlye,hmaccurlye7j@purevolume.com,Male,74.206.154.122
273,Fax,Cranefield,fcranefield7k@ebay.co.uk,Male,147.234.224.137
274,Hoebart,Giabucci,hgiabucci7l@canalblog.com,Male,236.242.192.195
275,Staford,Raggatt,sraggatt7m@nifty.com,Male,14.178.221.59
276,Josy,Prigg,jprigg7n@shinystat.com,Female,208.85.135.51
277,Price,Bickerdicke,pbickerdicke7o@prnewswire.com,Male,175.195.10.147
278,Teresina,Boxall,tboxall7p@simplemachines.org,Female,241.63.255.145
279,Ancell,Como,acomo7q@spiegel.de,Male,203.13.166.166
280,Jethro,Hakeworth,jhakeworth7r@tiny.cc,Male,61.40.81.128
281,Humfrid,Bevans,hbevans7s@shop-pro.jp,Male,112.191.182.192
282,Vaughan,Hammonds,vhammonds7t@liveinternet.ru,Male,126.159.12.136
283,Balduin,Blankman,bblankman7u@wsj.com,Male,198.242.32.253
284,Zaria,Walentynowicz,zwalentynowicz7v@oakley.com,Female,133.86.106.1
285,Krystyna,Calbert,kcalbert7w@artisteer.com,Female,133.3.180.126
286,Sax,Dumphrey,sdumphrey7x@samsung.com,Male,43.97.14.21
287,Milton,Moorfield,mmoorfield7y@123-reg.co.uk,Male,120.211.37.211
288,Laureen,Whiteoak,lwhiteoak7z@themeforest.net,Female,225.87.95.162
289,Rollie,Harries,rharries80@e-recht24.de,Male,111.86.37.106
290,Fannie,Perren,fperren81@booking.com,Female,166.121.7.0
291,Baxter,Wooffinden,bwooffinden82@statcounter.com,Male,152.165.199.104
292,Winny,Vinck,wvinck83@state.gov,Female,78.46.235.73
293,Kissie,MacKnockiter,kmacknockiter84@sun.com,Female,115.160.209.60
294,Patrick,Balaison,pbalaison85@ucoz.com,Male,161.104.188.136
295,Pearl,Beakes,pbeakes86@amazon.com,Female,39.90.146.203
296,Orlan,Yushin,oyushin87@seesaa.net,Male,233.193.111.66
297,Arabel,Poel,apoel88@sun.com,Female,90.80.159.158
298,Hallsy,Adie,hadie89@vkontakte.ru,Male,162.243.67.29
299,Cyrille,Limpricht,climpricht8a@chicagotribune.com,Male,123.221.176.161
300,Daron,Bedinn,dbedinn8b@mit.edu,Male,126.78.115.237
301,Ilaire,Lutwyche,ilutwyche8c@netvibes.com,Male,227.151.16.130
302,Belita,Sargant,bsargant8d@instagram.com,Female,44.103.239.181
303,Sorcha,Dahmel,sdahmel8e@baidu.com,Female,207.130.72.179
304,Anet,Dochon,adochon8f@shutterfly.com,Female,213.213.18.118
305,Wylma,Danielovitch,wdanielovitch8g@vkontakte.ru,Female,65.143.92.47
306,Farleigh,Dillingham,fdillingham8h@state.gov,Male,224.134.70.99
307,Kyle,Shewsmith,kshewsmith8i@netlog.com,Male,110.168.66.104
308,Kari,Camlin,kcamlin8j@npr.org,Female,58.5.222.151
309,Jo,Revey,jrevey8k@unesco.org,Male,159.155.208.217
310,Nataline,Emig,nemig8l@technorati.com,Female,226.33.109.121
311,Vernen,Schimke,vschimke8m@biglobe.ne.jp,Male,104.32.16.126
312,Reinhold,Kretchmer,rkretchmer8n@g.co,Male,105.184.49.22
313,Teddy,Scaysbrook,tscaysbrook8o@dagondesign.com,Male,138.141.202.25
314,Maurise,Kearford,mkearford8p@yolasite.com,Male,147.24.152.158
315,Flori,Phant,fphant8q@topsy.com,Female,251.234.227.102
316,Hertha,Storrar,hstorrar8r@about.me,Female,171.230.109.197
317,Rosalynd,Rait,rrait8s@surveymonkey.com,Female,37.15.138.174
318,Titos,Eddowes,teddowes8t@yandex.ru,Male,205.100.207.211
319,Elka,Kennicott,ekennicott8u@flavors.me,Female,98.152.184.68
320,Giuseppe,Hein,ghein8v@wired.com,Male,191.223.136.2
321,Abram,Scampion,ascampion8w@ehow.com,Male,37.3.236.6
322,Dougy,Buzzing,dbuzzing8x@answers.com,Male,148.175.10.236
323,Sonny,Fulcher,sfulcher8y@auda.org.au,Male,54.108.57.252
324,Carolyn,Hallihane,challihane8z@home.pl,Female,50.212.81.67
325,Rosie,Speedy,rspeedy90@npr.org,Female,140.16.99.7
326,Sarge,Beuscher,sbeuscher91@bbc.co.uk,Male,78.109.54.229
327,Prinz,Pountney,ppountney92@infoseek.co.jp,Male,22.93.134.252
328,Kennett,McLaren,kmclaren93@bloomberg.com,Male,48.135.38.129
329,Kimmie,O'Fihillie,kofihillie94@sohu.com,Female,63.129.219.199
330,Hatty,Baistow,hbaistow95@adobe.com,Female,197.158.22.86
331,Bennett,Tomczynski,btomczynski96@auda.org.au,Male,108.238.51.174
332,Sol,Frawley,sfrawley97@salon.com,Male,105.203.143.144
333,Nikolai,Gronno,ngronno98@xrea.com,Male,149.77.227.114
334,Hank,Tabary,htabary99@who.int,Male,251.27.58.37
335,Darell,Doubrava,ddoubrava9a@w3.org,Female,67.163.172.156
336,Loralee,Blincoe,lblincoe9b@fastcompany.com,Female,114.38.50.81
337,Dorothee,Dowson,ddowson9c@creativecommons.org,Female,37.160.223.211
338,Armando,Wellen,awellen9d@google.co.jp,Male,214.168.152.155
339,Dieter,Meachan,dmeachan9e@w3.org,Male,99.136.116.150
340,Desi,Booth-Jarvis,dboothjarvis9f@bloglovin.com,Male,214.202.16.91
341,Claribel,Costanza,ccostanza9g@go.com,Female,239.236.156.218
342,Pietrek,Mountjoy,pmountjoy9h@shinystat.com,Male,224.124.185.222
343,Arlen,Shearmer,ashearmer9i@globo.com,Female,181.163.200.47
344,Willyt,Mille,wmille9j@berkeley.edu,Female,140.102.202.226
345,Daniel,Tourner,dtourner9k@weibo.com,Male,4.187.236.153
346,Alvie,Haw,ahaw9l@nymag.com,Male,199.183.79.20
347,Elfreda,Gippes,egippes9m@goo.ne.jp,Female,161.33.124.121
348,Gearalt,Lawlings,glawlings9n@hostgator.com,Male,245.155.151.130
349,Hastie,Goman,hgoman9o@engadget.com,Male,129.120.231.171
350,Gilberte,Palatino,gpalatino9p@delicious.com,Female,135.100.239.136
351,Wald,Josiah,wjosiah9q@php.net,Male,38.152.232.92
352,Durward,Stennes,dstennes9r@fc2.com,Male,55.25.100.160
353,Mitchel,Primett,mprimett9s@slideshare.net,Male,88.141.126.24
354,Roberto,Klesse,rklesse9t@aboutads.info,Male,85.61.0.184
355,Mikey,Dallender,mdallender9u@chron.com,Male,63.196.220.144
356,Franz,McRorie,fmcrorie9v@answers.com,Male,142.139.207.249
357,Jayne,Bodsworth,jbodsworth9w@vk.com,Female,110.251.4.145
358,Gran,Mardell,gmardell9x@technorati.com,Male,180.65.224.247
359,Rooney,Hazley,rhazley9y@craigslist.org,Male,45.251.38.132
360,Dasi,Vinker,dvinker9z@ftc.gov,Female,128.95.200.195
361,Wilbur,Lanmeid,wlanmeida0@dailymail.co.uk,Male,173.72.114.215
362,Ida,Shalders,ishaldersa1@yahoo.com,Female,25.83.253.171
363,Rustin,Dallyn,rdallyna2@opensource.org,Male,147.89.43.221
364,Stephannie,Stetlye,sstetlyea3@wikispaces.com,Female,225.163.111.159
365,Maureen,O'Hanlon,mohanlona4@devhub.com,Female,34.95.102.255
366,Freeman,Chesney,fchesneya5@github.io,Male,195.38.191.161
367,Rozanne,Ellwood,rellwooda6@wordpress.org,Female,13.36.77.209
368,Richmound,Verheyden,rverheydena7@addthis.com,Male,132.190.103.220
369,Ransom,Elion,reliona8@t.co,Male,66.105.128.215
370,Elston,Mounsie,emounsiea9@cafepress.com,Male,187.39.38.2
371,Torrence,Aldin,taldinaa@theguardian.com,Male,148.44.174.231
372,Salvatore,Pringuer,springuerab@senate.gov,Male,252.249.55.71
373,Wallace,Creevy,wcreevyac@usa.gov,Male,57.113.148.200
374,Sybilla,Aldwich,saldwichad@51.la,Female,138.210.247.88
375,Sherwood,Gillis,sgillisae@google.com,Male,91.191.148.41
376,Wilmar,Adlington,wadlingtonaf@engadget.com,Male,99.5.125.226
377,Ozzy,Skevington,oskevingtonag@ustream.tv,Male,252.138.118.151
378,Devland,Hail,dhailah@whitehouse.gov,Male,193.111.175.135
379,Samaria,Jefferys,sjefferysai@pcworld.com,Female,166.100.168.10
380,Umberto,Aronowicz,uaronowiczaj@biblegateway.com,Male,136.17.250.25
381,Bellanca,Vose,bvoseak@china.com.cn,Female,174.212.175.75
382,Konstantin,Bywaters,kbywatersal@rediff.com,Male,187.222.238.76
383,Lloyd,Playden,lplaydenam@exblog.jp,Male,166.191.100.25
384,Linus,Jarrett,ljarrettan@shop-pro.jp,Male,216.130.144.169
385,Stirling,Kempson,skempsonao@dailymail.co.uk,Male,25.31.209.40
386,Valentijn,Fullman,vfullmanap@bbc.co.uk,Male,251.120.39.201
387,Roselin,Tendahl,rtendahlaq@nature.com,Female,252.134.242.151
388,Udale,Befroy,ubefroyar@ask.com,Male,94.207.184.137
389,Damiano,Vakhonin,dvakhoninas@foxnews.com,Male,130.115.178.38
390,Sidoney,Peirpoint,speirpointat@pcworld.com,Female,137.108.145.76
391,Pernell,Stopford,pstopfordau@tinyurl.com,Male,96.7.247.84
392,Collette,Fearnyough,cfearnyoughav@dmoz.org,Female,205.28.228.125
393,Kane,Benka,kbenkaaw@instagram.com,Male,71.12.114.199
394,Alayne,Farmer,afarmerax@imageshack.us,Female,95.127.49.197
395,Paola,Uvedale,puvedaleay@163.com,Female,244.187.168.255
396,Araldo,Sandeman,asandemanaz@4shared.com,Male,39.3.16.173
397,Kurtis,Risom,krisomb0@woothemes.com,Male,195.130.100.248
398,Estevan,Ucchino,eucchinob1@omniture.com,Male,231.61.190.192
399,Lacie,Erskine,lerskineb2@omniture.com,Female,23.18.68.126
400,North,Womack,nwomackb3@businessweek.com,Male,136.114.192.84
401,Blinnie,Hallen,bhallenb4@tinyurl.com,Female,162.200.114.64
402,Laurence,Eckford,leckfordb5@w3.org,Male,95.29.211.230
403,Trenton,Middis,tmiddisb6@bluehost.com,Male,27.150.235.45
404,Artur,Crane,acraneb7@ezinearticles.com,Male,206.25.70.58
405,Faythe,Siemandl,fsiemandlb8@sphinn.com,Female,73.152.97.63
406,Penn,Galle,pgalleb9@wp.com,Male,40.86.0.75
407,Dennet,Sydall,dsydallba@ow.ly,Male,119.77.207.147
408,Ann-marie,Powter,apowterbb@zdnet.com,Female,142.125.79.195
409,Nonnah,Prynne,nprynnebc@un.org,Female,7.108.72.186
410,Theodora,Rooms,troomsbd@blogs.com,Female,192.159.26.213
411,Teodoor,Franks,tfranksbe@naver.com,Male,116.129.147.246
412,Christalle,Crowch,ccrowchbf@discuz.net,Female,246.213.169.37
413,Akim,Slader,asladerbg@bluehost.com,Male,105.213.97.80
414,Leeann,Petrulis,lpetrulisbh@symantec.com,Female,47.243.34.131
415,Mikkel,Earle,mearlebi@noaa.gov,Male,34.54.119.180
416,Suki,Rawdall,srawdallbj@linkedin.com,Female,129.146.58.136
417,Rhetta,Fomichkin,rfomichkinbk@google.de,Female,202.180.72.65
418,Oliver,Stainburn,ostainburnbl@github.com,Male,63.17.244.200
419,Van,Ligertwood,vligertwoodbm@imageshack.us,Male,37.232.77.23
420,Dalton,Farland,dfarlandbn@newyorker.com,Male,176.208.117.216
421,Douglass,Ensley,densleybo@google.cn,Male,254.212.219.11
422,Nate,Weatherhill,nweatherhillbp@vkontakte.ru,Male,233.68.97.172
423,Maryanne,Masden,mmasdenbq@mozilla.org,Female,54.231.174.122
424,Adorne,Brookson,abrooksonbr@house.gov,Female,43.104.165.230
425,Tyrone,Done,tdonebs@shutterfly.com,Male,127.23.22.69
426,Laurie,Severs,lseversbt@nhs.uk,Female,184.23.188.158
427,Michaella,Owen,mowenbu@skype.com,Female,101.225.243.181
428,Base,Donahue,bdonahuebv@ft.com,Male,161.13.223.61
429,Pattin,Lease,pleasebw@flavors.me,Male,108.165.136.87
430,Hart,Kyffin,hkyffinbx@wix.com,Male,61.45.242.29
431,Dunc,Rastall,drastallby@sakura.ne.jp,Male,131.85.229.35
432,Charlot,Anespie,canespiebz@comcast.net,Female,44.148.98.115
433,Arly,Panas,apanasc0@gravatar.com,Female,142.227.226.144
434,Brod,Pashler,bpashlerc1@sakura.ne.jp,Male,161.33.179.219
435,Bradney,Muffitt,bmuffittc2@guardian.co.uk,Male,120.185.105.133
436,Noam,Maddinon,nmaddinonc3@slideshare.net,Male,1.57.207.212
437,Corina,MacAree,cmacareec4@cpanel.net,Female,51.89.145.160
438,Taylor,Dysert,tdysertc5@rambler.ru,Male,132.75.115.82
439,Preston,Crotch,pcrotchc6@live.com,Male,119.33.122.12
440,Gleda,Loraine,glorainec7@pbs.org,Female,202.40.202.140
441,Jamil,Arboin,jarboinc8@drupal.org,Male,213.166.219.26
442,Bink,Roggerone,broggeronec9@bluehost.com,Male,146.130.109.94
443,Deb,Schall,dschallca@go.com,Female,35.95.72.238
444,Shepard,Maggorini,smaggorinicb@pen.io,Male,40.95.43.205
445,Barry,Benbow,bbenbowcc@twitter.com,Female,145.240.95.138
446,Tomi,Lightowler,tlightowlercd@php.net,Female,233.28.130.254
447,Clarke,Ghiraldi,cghiraldice@posterous.com,Male,167.57.186.54
448,Verney,Marxsen,vmarxsencf@amazon.com,Male,16.34.3.40
449,Tracy,Gorioli,tgoriolicg@wikimedia.org,Male,7.18.150.136
450,Alverta,Van der Beken,avanderbekench@amazon.de,Female,176.5.31.61
451,Tomi,Liddington,tliddingtonci@t.co,Female,68.249.250.12
452,Anabella,Redferne,aredfernecj@dagondesign.com,Female,20.88.23.234
453,Karrah,Kiddell,kkiddellck@gravatar.com,Female,168.107.178.230
454,Emerson,Floch,eflochcl@pcworld.com,Male,213.82.97.168
455,Joice,Miko,jmikocm@deliciousdays.com,Female,0.191.105.168
456,Inna,Brasted,ibrastedcn@hubpages.com,Female,97.247.123.72
457,Lanette,Laight,llaightco@google.ru,Female,57.2.211.50
458,Diane-marie,Cromack,dcromackcp@over-blog.com,Female,54.123.103.19
459,Florri,Stickings,fstickingscq@umn.edu,Female,47.208.140.201
460,Dael,Whopples,dwhopplescr@businesswire.com,Male,51.106.87.93
461,Ruperto,Lauridsen,rlauridsencs@is.gd,Male,18.138.166.25
462,Elie,Ballston,eballstonct@vkontakte.ru,Female,71.207.35.167
463,Laney,Georgeot,lgeorgeotcu@prnewswire.com,Male,47.92.54.197
464,Jemima,Durno,jdurnocv@earthlink.net,Female,214.205.61.9
465,Ardyce,Urion,aurioncw@mit.edu,Female,34.167.63.144
466,Agnes,Swett,aswettcx@ezinearticles.com,Female,3.141.115.47
467,Tate,Frain,tfraincy@theatlantic.com,Male,236.222.54.12
468,Zabrina,Steynor,zsteynorcz@cornell.edu,Female,60.241.167.137
469,Vicki,Roughey,vrougheyd0@state.gov,Female,221.254.25.55
470,Shae,Gilstoun,sgilstound1@unblog.fr,Male,29.49.167.111
471,Sherrie,Yarr,syarrd2@jalbum.net,Female,133.206.247.89
472,Davin,Winkle,dwinkled3@constantcontact.com,Male,254.59.52.113
473,Herman,Karlicek,hkarlicekd4@sogou.com,Male,76.6.96.150
474,Ursala,Ghiron,ughirond5@mail.ru,Female,185.182.244.48
475,Cherri,Lynock,clynockd6@theglobeandmail.com,Female,37.54.186.169
476,Babara,Demetr,bdemetrd7@sciencedirect.com,Female,2.207.179.185
477,Arlen,Bracknall,abracknalld8@elpais.com,Male,17.160.24.33
478,Antonius,Youel,ayoueld9@miibeian.gov.cn,Male,121.159.185.15
479,Mannie,Titford,mtitfordda@rambler.ru,Male,47.252.244.119
480,Tristam,Feldhorn,tfeldhorndb@go.com,Male,129.35.193.99
481,Ninnetta,Vakhrushin,nvakhrushindc@quantcast.com,Female,105.141.192.1
482,Issiah,Allanson,iallansondd@va.gov,Male,216.249.116.246
483,Sisile,McGraith,smcgraithde@bbb.org,Female,84.248.0.226
484,Vyky,Urwen,vurwendf@de.vu,Female,91.2.224.20
485,Corine,Badcock,cbadcockdg@hostgator.com,Female,38.199.154.151
486,Cati,Arnowitz,carnowitzdh@godaddy.com,Female,91.86.80.211
487,Bradly,Duchatel,bduchateldi@bloomberg.com,Male,16.211.169.215
488,Kalvin,Zollner,kzollnerdj@privacy.gov.au,Male,26.247.216.245
489,Perceval,Gravatt,pgravattdk@nih.gov,Male,4.138.243.112
490,Marin,Fidilis,mfidilisdl@skype.com,Female,145.189.167.233
491,Bronnie,Emm,bemmdm@jiathis.com,Male,108.229.105.138
492,Linda,Halahan,lhalahandn@seesaa.net,Female,39.2.158.45
493,Nettie,Yeardsley,nyeardsleydo@lycos.com,Female,95.25.53.145
494,Ferdy,Bloyes,fbloyesdp@homestead.com,Male,141.228.60.40
495,Sandra,Greatorex,sgreatorexdq@hubpages.com,Female,133.19.82.208
496,Owen,Ferrino,oferrinodr@php.net,Male,121.236.40.217
497,Madelyn,Orys,morysds@chronoengine.com,Female,5.228.164.110
498,Hurleigh,Wernher,hwernherdt@reddit.com,Male,227.134.238.200
499,Calv,Hrishanok,chrishanokdu@uol.com.br,Male,116.147.49.188
500,Bendicty,Quinnelly,bquinnellydv@cafepress.com,Male,238.67.193.67
501,Martie,Tabourel,mtaboureldw@mapy.cz,Female,62.162.254.176
502,De,Leroy,dleroydx@fotki.com,Female,170.69.191.38
503,Linus,Whysall,lwhysalldy@nydailynews.com,Male,150.121.30.35
504,Hugo,Fassum,hfassumdz@google.de,Male,76.134.94.190
505,Kassandra,Yvens,kyvense0@archive.org,Female,70.23.31.139
506,Ros,McNickle,rmcnicklee1@shutterfly.com,Female,224.25.56.49
507,Barbara-anne,Dibden,bdibdene2@parallels.com,Female,104.17.191.11
508,Jodie,Berceros,jbercerose3@admin.ch,Male,239.51.28.230
509,Carin,Chavrin,cchavrine4@gmpg.org,Female,45.146.56.101
510,Janine,Wiggam,jwiggame5@amazon.co.uk,Female,73.153.140.175
511,Julie,Catlow,jcatlowe6@pen.io,Male,130.78.95.198
512,Charla,Seemmonds,cseemmondse7@t-online.de,Female,132.253.23.150
513,Izzy,Janous,ijanouse8@telegraph.co.uk,Male,60.230.241.94
514,Emmy,Frankling,efranklinge9@sun.com,Male,13.111.121.46
515,Valery,Hizir,vhizirea@tinyurl.com,Female,45.0.19.88
516,Jordanna,Treend,jtreendeb@dion.ne.jp,Female,12.32.152.192
517,Jobey,Belvard,jbelvardec@youtube.com,Female,209.122.178.136
518,Sosanna,Prangnell,sprangnelled@usgs.gov,Female,191.249.78.32
519,Yuma,Blondelle,yblondelleee@icq.com,Male,195.90.231.19
520,Harwell,Byres,hbyresef@liveinternet.ru,Male,215.164.76.172
521,Joaquin,Gavin,jgavineg@thetimes.co.uk,Male,72.182.239.78
522,Nap,Yurevich,nyurevicheh@tumblr.com,Male,45.162.159.120
523,Had,Frensch,hfrenschei@wix.com,Male,67.123.231.49
524,Arturo,O'Dyvoie,aodyvoieej@comsenz.com,Male,213.169.93.44
525,Madelena,Tunstall,mtunstallek@w3.org,Female,210.147.80.52
526,Vin,Buckenham,vbuckenhamel@disqus.com,Female,62.12.65.163
527,Algernon,Wayper,awayperem@google.fr,Male,254.146.37.237
528,Herve,Stackbridge,hstackbridgeen@sciencedaily.com,Male,198.129.174.115
529,Leah,Giacobillo,lgiacobilloeo@altervista.org,Female,126.59.170.3
530,Kala,Camin,kcaminep@ning.com,Female,199.103.39.217
531,Letta,Thresh,lthresheq@state.gov,Female,234.53.156.183
532,Benedetto,Henrionot,bhenrionoter@boston.com,Male,99.119.184.159
533,Ashely,Herrieven,aherrievenes@blogger.com,Female,75.228.116.4
534,Lisabeth,Blamire,lblamireet@cocolog-nifty.com,Female,172.190.99.179
535,Bernardina,Branscombe,bbranscombeeu@blogspot.com,Female,220.52.147.64
536,Gearalt,Caughte,gcaughteev@cnbc.com,Male,171.140.44.213
537,Vincents,Flower,vflowerew@foxnews.com,Male,42.173.175.154
538,Townsend,Cleland,tclelandex@g.co,Male,36.126.159.179
539,Jone,Espine,jespineey@oracle.com,Male,152.250.214.67
540,Claudia,Shall,cshallez@tinypic.com,Female,214.109.158.25
541,Roldan,Joules,rjoulesf0@xing.com,Male,70.50.42.244
542,Skipper,Dacre,sdacref1@thetimes.co.uk,Male,173.157.227.234
543,Brnaba,Kightly,bkightlyf2@bigcartel.com,Male,143.16.107.128
544,Karlyn,Agron,kagronf3@mac.com,Female,121.136.98.182
545,Hartwell,Whebell,hwhebellf4@cnbc.com,Male,40.194.100.137
546,Rooney,Melliard,rmelliardf5@instagram.com,Male,204.218.5.2
547,Sophia,Roake,sroakef6@ihg.com,Female,214.173.94.48
548,Everard,Wilmut,ewilmutf7@baidu.com,Male,66.210.146.149
549,Hildagarde,Ingledow,hingledowf8@ed.gov,Female,82.176.142.227
550,Darrin,Kumar,dkumarf9@businessweek.com,Male,153.17.126.251
551,Derwin,Dafter,ddafterfa@ted.com,Male,150.161.107.204
552,Heather,MacAllaster,hmacallasterfb@usnews.com,Female,203.252.33.211
553,Byron,Mogenot,bmogenotfc@cpanel.net,Male,153.14.191.50
554,Malorie,Friedlos,mfriedlosfd@skype.com,Female,243.133.171.96
555,Harli,Blurton,hblurtonfe@1688.com,Female,92.115.184.144
556,Josee,Davenhill,jdavenhillff@unc.edu,Female,86.81.141.108
557,Nanice,Wynrehame,nwynrehamefg@netlog.com,Female,36.6.53.104
558,Lorilee,Larmouth,llarmouthfh@chron.com,Female,176.236.235.192
559,Vergil,Avramovic,vavramovicfi@hao123.com,Male,222.36.47.224
560,Wynn,Bosman,wbosmanfj@state.tx.us,Male,108.43.64.167
561,Fowler,Matteris,fmatterisfk@amazon.com,Male,253.194.51.184
562,Peder,Archbutt,parchbuttfl@vistaprint.com,Male,15.22.136.198
563,Joy,McCombe,jmccombefm@soundcloud.com,Female,246.50.48.82
564,Karee,Pawden,kpawdenfn@live.com,Female,198.48.121.207
565,Iosep,Dmitrovic,idmitrovicfo@123-reg.co.uk,Male,174.36.101.236
566,Leonid,Pickthall,lpickthallfp@gov.uk,Male,66.52.134.114
567,Danila,Ragge,draggefq@wisc.edu,Female,119.217.143.105
568,Mord,Schistl,mschistlfr@imgur.com,Male,255.100.154.240
569,Meredith,Ridges,mridgesfs@bloglovin.com,Female,217.177.96.195
570,Elianora,Arendsen,earendsenft@istockphoto.com,Female,8.26.92.170
571,Josephine,Geer,jgeerfu@slideshare.net,Female,189.0.221.101
572,Cirstoforo,Birrell,cbirrellfv@eepurl.com,Male,228.173.139.24
573,Allx,Willerstone,awillerstonefw@go.com,Female,66.79.57.128
574,Aylmar,Nannetti,anannettifx@apache.org,Male,183.111.243.68
575,Maison,Grieg,mgriegfy@wikipedia.org,Male,140.103.208.43
576,Renae,Loins,rloinsfz@quantcast.com,Female,177.107.251.242
577,Casper,Filippozzi,cfilippozzig0@cdbaby.com,Male,146.224.5.151
578,Pascale,Sunshine,psunshineg1@google.ru,Male,191.136.99.107
579,Mitzi,Kryska,mkryskag2@nyu.edu,Female,10.45.140.7
580,Truda,Barlie,tbarlieg3@pbs.org,Female,93.26.213.241
581,Carlos,Esche,cescheg4@wikipedia.org,Male,136.189.199.12
582,Pearla,Gabotti,pgabottig5@vk.com,Female,124.125.175.106
583,Chip,Cuttelar,ccuttelarg6@printfriendly.com,Male,172.114.251.130
584,Catina,Toplin,ctopling7@ed.gov,Female,246.45.89.182
585,Alaric,Glozman,aglozmang8@discovery.com,Male,193.66.10.71
586,Binky,House,bhouseg9@t.co,Male,11.199.69.122
587,Rhonda,Mellhuish,rmellhuishga@patch.com,Female,237.114.14.136
588,Lonnie,Tours,ltoursgb@baidu.com,Female,151.85.28.200
589,Berkly,Bliben,bblibengc@chicagotribune.com,Male,129.144.167.163
590,Eden,Nutting,enuttinggd@mashable.com,Female,210.235.25.151
591,Jabez,Jon,jjonge@wikimedia.org,Male,169.35.56.185
592,Ahmed,Laxen,alaxengf@squarespace.com,Male,92.232.242.7
593,Anette,Romushkin,aromushkingg@wisc.edu,Female,193.26.42.207
594,Maiga,Barkway,mbarkwaygh@oracle.com,Female,123.108.108.169
595,Sherm,Braznell,sbraznellgi@theatlantic.com,Male,28.94.66.77
596,Jessie,Sharram,jsharramgj@github.com,Female,42.98.151.241
597,Iggy,Filtness,ifiltnessgk@nps.gov,Male,88.79.141.250
598,Lannie,Stebbing,lstebbinggl@desdev.cn,Male,152.148.114.78
599,Horatia,Bisp,hbispgm@hao123.com,Female,21.218.93.250
600,Meredith,Loudiane,mloudianegn@mayoclinic.com,Female,79.233.226.52
601,Sven,Thornley,sthornleygo@icq.com,Male,114.139.195.36
602,Pete,McCrudden,pmccruddengp@japanpost.jp,Male,100.119.175.209
603,Lance,Beadell,lbeadellgq@intel.com,Male,50.72.55.45
604,Jae,Hazelgrove,jhazelgrovegr@goodreads.com,Male,88.83.27.95
605,Cosette,Gutch,cgutchgs@sphinn.com,Female,86.40.212.7
606,Oralle,Brownlie,obrownliegt@123-reg.co.uk,Female,2.103.169.112
607,Rosita,Ferrolli,rferrolligu@google.com.au,Female,229.23.149.209
608,Horace,Rainford,hrainfordgv@biglobe.ne.jp,Male,89.153.167.33
609,Valenka,Birdsey,vbirdseygw@deliciousdays.com,Female,158.44.10.107
610,Cirilo,Tearny,ctearnygx@netlog.com,Male,116.136.0.68
611,Spike,Catley,scatleygy@home.pl,Male,195.19.32.53
612,Early,Silverthorn,esilverthorngz@about.me,Male,231.162.87.112
613,Charisse,Row,crowh0@hc360.com,Female,205.77.20.104
614,Sumner,Jehaes,sjehaesh1@usda.gov,Male,182.52.218.94
615,Brooks,Vauls,bvaulsh2@soundcloud.com,Female,122.95.48.112
616,Desmund,Treasaden,dtreasadenh3@apple.com,Male,178.215.51.163
617,Pauli,Reschke,preschkeh4@alexa.com,Female,80.104.207.125
618,Jeremiah,Hamal,jhamalh5@diigo.com,Male,70.76.243.136
619,Archy,Brandenburg,abrandenburgh6@zdnet.com,Male,77.183.82.148
620,Kaleb,Rikel,krikelh7@icq.com,Male,12.25.223.212
621,Esdras,Bogart,ebogarth8@home.pl,Male,239.215.70.235
622,Gael,Crocombe,gcrocombeh9@chron.com,Female,61.238.6.155
623,Grethel,Sparry,gsparryha@mac.com,Female,196.218.212.112
624,Mimi,Giottoi,mgiottoihb@mozilla.com,Female,217.232.95.138
625,Boote,Prantoni,bprantonihc@utexas.edu,Male,76.184.221.90
626,Ario,Samwaye,asamwayehd@meetup.com,Male,34.124.63.215
627,Ambrosio,Puddan,apuddanhe@chron.com,Male,72.84.92.65
628,Janeen,McAlester,jmcalesterhf@gnu.org,Female,120.182.11.233
629,Twyla,Wicher,twicherhg@google.it,Female,226.210.162.0
630,El,Lealle,eleallehh@sina.com.cn,Male,168.208.47.126
631,Faustine,Tutin,ftutinhi@psu.edu,Female,99.79.202.57
632,Darrelle,Dawes,ddaweshj@cbslocal.com,Female,240.26.5.254
633,Concettina,Scrane,cscranehk@technorati.com,Female,205.108.109.178
634,Marje,Took,mtookhl@howstuffworks.com,Female,223.183.241.80
635,Kaye,Chalice,kchalicehm@youku.com,Female,127.226.140.145
636,Cyrillus,Cattlemull,ccattlemullhn@topsy.com,Male,211.144.239.241
637,Lona,Scopes,lscopesho@globo.com,Female,86.118.162.122
638,Sileas,Snoden,ssnodenhp@so-net.ne.jp,Female,152.47.53.167
639,Yettie,Etoile,yetoilehq@earthlink.net,Female,146.56.46.172
640,Avigdor,Tomlett,atomletthr@tumblr.com,Male,149.20.207.43
641,Gerri,Kelway,gkelwayhs@moonfruit.com,Female,248.54.10.185
642,Sharia,Kanter,skanterht@bigcartel.com,Female,143.89.162.249
643,Aidan,McElvine,amcelvinehu@pcworld.com,Female,60.245.209.215
644,Tillie,Walch,twalchhv@tripod.com,Female,160.103.221.24
645,Craggie,Sans,csanshw@boston.com,Male,70.137.1.89
646,Holly,Baume,hbaumehx@ucoz.com,Female,93.55.179.73
647,Renata,Spohr,rspohrhy@opera.com,Female,91.237.223.56
648,Jerrilyn,Shorie,jshoriehz@toplist.cz,Female,49.185.194.172
649,Riki,Houlahan,rhoulahani0@netlog.com,Female,149.64.69.130
650,Vivien,Tant,vtanti1@opera.com,Female,86.139.246.185
651,Ibrahim,Polino,ipolinoi2@gnu.org,Male,191.234.183.241
652,Ephrayim,Pecht,epechti3@wunderground.com,Male,241.89.46.162
653,Amanda,Dickons,adickonsi4@google.fr,Female,228.112.174.168
654,Ailina,Danieli,adanielii5@edublogs.org,Female,119.131.92.122
655,Arielle,Falconar,afalconari6@yellowbook.com,Female,235.59.39.189
656,Olimpia,Dubber,odubberi7@arstechnica.com,Female,153.166.82.159
657,Mattheus,Penny,mpennyi8@baidu.com,Male,170.96.92.213
658,Ephrayim,Benard,ebenardi9@dot.gov,Male,231.92.253.56
659,Alejandrina,Hellyar,ahellyaria@xinhuanet.com,Female,28.163.157.150
660,Aeriel,Klebes,aklebesib@free.fr,Female,107.107.145.52
661,Howard,Macklin,hmacklinic@go.com,Male,217.183.116.252
662,Sharai,Rosterne,srosterneid@about.com,Female,118.221.32.10
663,Lori,Hradsky,lhradskyie@buzzfeed.com,Female,232.19.2.97
664,Kimble,Vose,kvoseif@apache.org,Male,0.202.78.125
665,Mohammed,Malicki,mmalickiig@arizona.edu,Male,177.2.225.15
666,Cristian,Chancelier,cchancelierih@huffingtonpost.com,Male,177.203.129.159
667,Lonee,Kernell,lkernellii@ihg.com,Female,111.32.142.55
668,Garnette,Millin,gmillinij@so-net.ne.jp,Female,210.208.153.24
669,Gretal,Vanetti,gvanettiik@disqus.com,Female,188.179.162.197
670,Mercy,Hinrichsen,mhinrichsenil@google.com.au,Female,8.82.120.4
671,Darsie,Jandel,djandelim@people.com.cn,Female,105.87.166.95
672,Henryetta,Rutgers,hrutgersin@amazonaws.com,Female,103.138.40.73
673,Egbert,Dingwall,edingwallio@sciencedirect.com,Male,63.55.46.196
674,Celisse,Freschini,cfreschiniip@toplist.cz,Female,134.156.223.218
675,Berny,Farnes,bfarnesiq@china.com.cn,Male,108.159.1.9
676,Glennis,Storek,gstorekir@liveinternet.ru,Female,160.43.54.67
677,Jamie,Kaemena,jkaemenais@barnesandnoble.com,Female,86.81.189.228
678,Kristofer,Gailor,kgailorit@imageshack.us,Male,240.251.104.244
679,Arlen,McFfaden,amcffadeniu@nih.gov,Female,187.18.233.231
680,Karalynn,Stonestreet,kstonestreetiv@alibaba.com,Female,133.37.63.251
681,Gabbie,Dregan,gdreganiw@themeforest.net,Male,216.205.75.5
682,Petra,Stango,pstangoix@sourceforge.net,Female,96.154.232.18
683,Koenraad,Linay,klinayiy@oracle.com,Male,148.29.247.50
684,Ella,Danzey,edanzeyiz@earthlink.net,Female,126.61.191.146
685,Danyette,Matiashvili,dmatiashvilij0@e-recht24.de,Female,119.151.35.174
686,Thalia,Doghartie,tdoghartiej1@statcounter.com,Female,145.88.80.84
687,Kari,Shawdforth,kshawdforthj2@archive.org,Female,137.33.7.222
688,Ruperta,Oakeshott,roakeshottj3@wikispaces.com,Female,212.115.81.166
689,Rafaellle,Sainz,rsainzj4@eventbrite.com,Male,159.216.181.139
690,Trenna,Ambrogelli,tambrogellij5@hud.gov,Female,33.106.187.190
691,Glenn,Sumsion,gsumsionj6@wordpress.org,Female,183.250.127.116
692,Minette,Denson,mdensonj7@typepad.com,Female,193.104.197.142
693,Ashby,Jellyman,ajellymanj8@ca.gov,Male,240.170.131.163
694,Vinny,Murcott,vmurcottj9@wikimedia.org,Male,128.173.149.142
695,Tasia,Guidone,tguidoneja@domainmarket.com,Female,107.9.4.177
696,Ira,Huxham,ihuxhamjb@domainmarket.com,Female,232.39.115.176
697,Martyn,Kee,mkeejc@wordpress.org,Male,5.73.145.26
698,Gladi,Carding,gcardingjd@tripod.com,Female,105.134.18.241
699,Rubetta,Speachley,rspeachleyje@wikispaces.com,Female,129.209.157.251
700,Fulvia,Cunniff,fcunniffjf@php.net,Female,130.74.133.5
701,Eugenio,Adney,eadneyjg@comcast.net,Male,12.184.216.5
702,Erny,Sivyer,esivyerjh@histats.com,Male,41.190.157.178
703,Genevieve,Lovelock,glovelockji@i2i.jp,Female,223.80.96.41
704,Gussy,Bazoge,gbazogejj@ovh.net,Female,217.191.255.162
705,Bobbie,McGarry,bmcgarryjk@scribd.com,Male,93.117.104.179
706,Wallache,Aylesbury,waylesburyjl@sun.com,Male,117.153.126.73
707,Lesly,Giacomasso,lgiacomassojm@discovery.com,Female,155.99.86.237
708,Hamish,Mandry,hmandryjn@google.com,Male,47.119.164.66
709,Rich,Apfel,rapfeljo@zdnet.com,Male,37.103.248.23
710,Phillida,Cowap,pcowapjp@accuweather.com,Female,5.100.176.227
711,Marylee,Szabo,mszabojq@dmoz.org,Female,55.81.4.24
712,Gilly,Edmunds,gedmundsjr@dell.com,Female,204.201.26.139
713,Margery,McDowell,mmcdowelljs@networkadvertising.org,Female,177.116.56.202
714,Conrad,Darrow,cdarrowjt@nytimes.com,Male,214.65.186.241
715,Dolf,Vlasin,dvlasinju@wired.com,Male,221.193.99.248
716,Jessalin,Dottridge,jdottridgejv@umn.edu,Female,108.189.217.28
717,Lancelot,Brotherheed,lbrotherheedjw@utexas.edu,Male,15.237.132.126
718,Son,Rollin,srollinjx@deliciousdays.com,Male,222.16.203.116
719,Starr,Dimblebee,sdimblebeejy@paginegialle.it,Female,106.73.47.181
720,Vinita,Gilbee,vgilbeejz@spotify.com,Female,34.195.118.139
721,Veriee,McComiskey,vmccomiskeyk0@pagesperso-orange.fr,Female,204.104.64.142
722,Stavro,Sikorsky,ssikorskyk1@joomla.org,Male,99.206.101.133
723,Zorah,Dugmore,zdugmorek2@npr.org,Female,214.201.239.173
724,Waneta,Stoll,wstollk3@earthlink.net,Female,34.59.65.78
725,Giffard,Haddinton,ghaddintonk4@huffingtonpost.com,Male,200.149.248.70
726,Arlana,Hassell,ahassellk5@howstuffworks.com,Female,64.133.240.36
727,Cristy,Castel,ccastelk6@opera.com,Female,86.111.195.97
728,Donnajean,Spring,dspringk7@hatena.ne.jp,Female,43.72.129.52
729,Carolyne,Demaid,cdemaidk8@furl.net,Female,191.118.201.180
730,Shellysheldon,Worland,sworlandk9@last.fm,Male,156.46.67.49
731,Jonie,Roslen,jroslenka@parallels.com,Female,90.223.219.240
732,Bettina,Kimbrough,bkimbroughkb@twitpic.com,Female,136.250.10.51
733,Petronille,Grimmer,pgrimmerkc@buzzfeed.com,Female,193.136.171.200
734,Niels,Gover,ngoverkd@princeton.edu,Male,15.154.102.241
735,Harmonie,Sarchwell,hsarchwellke@spiegel.de,Female,154.179.97.252
736,Jania,Wombwell,jwombwellkf@wsj.com,Female,128.53.81.172
737,Mady,Poulden,mpouldenkg@latimes.com,Female,50.151.147.198
738,Ed,Pendlebery,ependleberykh@photobucket.com,Male,62.49.128.112
739,Jacquenetta,Andrejs,jandrejski@irs.gov,Female,58.163.205.168
740,Paulie,Sherewood,psherewoodkj@unblog.fr,Female,14.253.191.142
741,Rocky,Doni,rdonikk@miibeian.gov.cn,Male,235.105.96.146
742,Silvan,Cuniam,scuniamkl@spiegel.de,Male,124.146.237.116
743,Bria,Jeaneau,bjeaneaukm@tiny.cc,Female,199.136.69.230
744,Kelly,Westcar,kwestcarkn@go.com,Male,181.99.148.159
745,Charlean,Sword,cswordko@php.net,Female,145.24.148.66
746,Keir,Kloster,kklosterkp@wunderground.com,Male,154.169.81.68
747,Raeann,Cheeld,rcheeldkq@google.fr,Female,66.99.246.38
748,Sorcha,Wonter,swonterkr@nationalgeographic.com,Female,91.155.101.202
749,Quintina,Cassell,qcassellks@pinterest.com,Female,85.60.91.169
750,Cordey,Boult,cboultkt@plala.or.jp,Female,207.49.35.122
751,Krissy,Gladdis,kgladdisku@wikimedia.org,Female,106.205.250.201
752,Meris,Gambie,mgambiekv@theglobeandmail.com,Female,118.207.188.100
753,Ettore,Stempe,estempekw@ocn.ne.jp,Male,116.149.38.240
754,Carina,Stoeck,cstoeckkx@twitpic.com,Female,227.180.137.234
755,Lucius,Yakubovics,lyakubovicsky@seesaa.net,Male,242.154.252.66
756,Suki,Lamyman,slamymankz@google.ca,Female,205.182.50.41
757,Pepito,Ackery,packeryl0@vinaora.com,Male,55.11.133.246
758,Lowrance,Ridout,lridoutl1@ihg.com,Male,48.193.148.215
759,Florie,Sirrell,fsirrelll2@etsy.com,Female,210.82.254.213
760,Gilemette,Lawman,glawmanl3@ebay.com,Female,113.149.70.82
761,Flora,Hinchcliffe,fhinchcliffel4@canalblog.com,Female,100.45.182.18
762,Marilyn,Bellwood,mbellwoodl5@apache.org,Female,182.239.108.108
763,Carlene,Tomaino,ctomainol6@dagondesign.com,Female,8.144.253.200
764,Byron,Neary,bnearyl7@spotify.com,Male,162.73.54.255
765,Allyn,Swithenby,aswithenbyl8@nbcnews.com,Male,204.219.159.102
766,Benoit,Cocci,bcoccil9@php.net,Male,213.137.71.205
767,Mab,Meah,mmeahla@earthlink.net,Female,46.100.28.194
768,Stacie,Risdall,srisdalllb@ucoz.com,Female,227.136.98.147
769,Orlan,Chatell,ochatelllc@jiathis.com,Male,241.149.228.213
770,Kirbee,Yarn,kyarnld@facebook.com,Female,127.71.149.7
771,Karna,Andreev,kandreevle@amazon.co.uk,Female,243.165.16.2
772,Anny,Hanbridge,ahanbridgelf@economist.com,Female,69.2.0.149
773,Leora,Ingrey,lingreylg@paginegialle.it,Female,38.27.233.185
774,Angel,Romaint,aromaintlh@biblegateway.com,Female,149.53.140.207
775,Coop,Cogman,ccogmanli@webnode.com,Male,148.228.123.65
776,Aaron,Hurton,ahurtonlj@51.la,Male,182.185.244.137
777,Dewitt,Kleingrub,dkleingrublk@paginegialle.it,Male,6.52.233.74
778,Nigel,Maunsell,nmaunsellll@mtv.com,Male,136.196.66.85
779,Flo,Dorgan,fdorganlm@usnews.com,Female,116.16.180.98
780,Shannah,Scriviner,sscrivinerln@reddit.com,Female,73.171.154.183
781,Isaiah,MacGray,imacgraylo@exblog.jp,Male,247.43.149.169
782,Allene,Bromet,abrometlp@shutterfly.com,Female,248.115.46.164
783,Brandtr,Deakin,bdeakinlq@ning.com,Male,17.109.163.245
784,Xena,Goodwyn,xgoodwynlr@hexun.com,Female,50.241.76.84
785,Karna,Tomicki,ktomickils@amazon.de,Female,221.166.157.123
786,Kelly,Iglesia,kiglesialt@printfriendly.com,Male,75.151.216.170
787,Wallie,York,wyorklu@printfriendly.com,Female,28.119.14.229
788,Delaney,Tidcomb,dtidcomblv@adobe.com,Male,172.178.146.90
789,Vaughn,Tungate,vtungatelw@wikia.com,Male,93.131.150.63
790,Jarrad,Harman,jharmanlx@g.co,Male,219.93.207.167
791,Gayleen,Schrinel,gschrinelly@google.ca,Female,139.173.95.124
792,Megen,McGorley,mmcgorleylz@imgur.com,Female,166.231.54.106
793,Karine,Rohmer,krohmerm0@netvibes.com,Female,35.26.92.123
794,Cherilyn,Gut,cgutm1@nbcnews.com,Female,168.104.201.97
795,Theobald,Lobbe,tlobbem2@opera.com,Male,94.32.93.93
796,Ranna,Minchinden,rminchindenm3@latimes.com,Female,68.174.133.187
797,Rog,Rumsey,rrumseym4@surveymonkey.com,Male,41.178.105.167
798,Aaron,Antowski,aantowskim5@barnesandnoble.com,Male,146.22.12.25
799,Rosanne,Whatson,rwhatsonm6@ebay.co.uk,Female,245.177.19.204
800,Jyoti,Faherty,jfahertym7@bloglovin.com,Female,255.49.104.14
801,Yasmeen,Noraway,ynorawaym8@ucoz.ru,Female,219.126.76.187
802,Frederic,Sterland,fsterlandm9@pcworld.com,Male,120.63.169.202
803,Alister,Ruffy,aruffyma@t.co,Male,86.149.127.214
804,Ives,Mortell,imortellmb@mysql.com,Male,250.99.37.143
805,Felipa,Larmet,flarmetmc@webnode.com,Female,73.21.136.36
806,Isidro,Kilduff,ikilduffmd@addtoany.com,Male,11.155.215.31
807,Mabelle,Baudrey,mbaudreyme@4shared.com,Female,148.94.175.15
808,Jed,Darcey,jdarceymf@dailymail.co.uk,Male,65.236.160.12
809,Mark,Dedenham,mdedenhammg@nationalgeographic.com,Male,130.40.162.99
810,Elly,Lister,elistermh@issuu.com,Female,90.233.156.230
811,Stevie,Helgass,shelgassmi@timesonline.co.uk,Male,103.196.51.161
812,Natassia,Pankettman,npankettmanmj@prweb.com,Female,93.17.201.171
813,Brewer,Kemmett,bkemmettmk@unicef.org,Male,50.231.88.42
814,Portie,Drewett,pdrewettml@bing.com,Male,145.111.86.199
815,Arlan,Kaygill,akaygillmm@ca.gov,Male,16.47.169.75
816,Maggi,Johnke,mjohnkemn@privacy.gov.au,Female,20.97.62.204
817,Egan,Odams,eodamsmo@nasa.gov,Male,196.137.89.13
818,Gwendolen,Niaves,gniavesmp@imgur.com,Female,17.11.80.3
819,Reuben,Ribbens,rribbensmq@who.int,Male,6.25.29.140
820,Thomas,Slipper,tslippermr@tinypic.com,Male,77.82.69.189
821,Calypso,Croyden,ccroydenms@elpais.com,Female,202.127.112.208
822,Melvyn,Arbor,marbormt@fastcompany.com,Male,6.109.225.72
823,Victoria,Creggan,vcregganmu@posterous.com,Female,93.200.243.140
824,Bertrando,Foskett,bfoskettmv@jugem.jp,Male,35.24.108.86
825,Michelle,Kett,mkettmw@marriott.com,Female,17.95.95.9
826,Risa,Lintill,rlintillmx@facebook.com,Female,39.166.131.189
827,Joaquin,Archbould,jarchbouldmy@jigsy.com,Male,47.13.247.43
828,Garek,Gladdor,ggladdormz@stanford.edu,Male,7.198.104.43
829,Kattie,McDill,kmcdilln0@dropbox.com,Female,46.142.131.89
830,Lebbie,Heinssen,lheinssenn1@uol.com.br,Female,238.55.127.97
831,Julissa,Doelle,jdoellen2@t.co,Female,22.205.134.175
832,Piotr,Spaunton,pspauntonn3@vk.com,Male,5.100.47.43
833,Gunter,Bertin,gbertinn4@fema.gov,Male,218.197.233.95
834,Meg,Hatrick,mhatrickn5@cbslocal.com,Female,222.158.6.154
835,Antoni,Tague,ataguen6@sohu.com,Male,161.61.93.68
836,Frederico,Murt,fmurtn7@mozilla.org,Male,19.134.56.95
837,Donna,O'Connel,doconneln8@macromedia.com,Female,243.93.127.186
838,Valentine,Coombes,vcoombesn9@free.fr,Male,175.210.161.5
839,Gonzalo,Scarrisbrick,gscarrisbrickna@ovh.net,Male,25.119.153.164
840,Lotte,Balffye,lbalffyenb@hibu.com,Female,195.119.213.71
841,Hendrik,Dewett,hdewettnc@cnn.com,Male,244.151.249.67
842,Dinah,Avramovsky,davramovskynd@columbia.edu,Female,228.44.73.61
843,Nani,Piggins,npigginsne@livejournal.com,Female,213.60.212.62
844,Hana,Livings,hlivingsnf@ted.com,Female,51.101.53.32
845,Josey,Doudney,jdoudneyng@wikipedia.org,Female,168.113.25.25
846,Caril,Pinwill,cpinwillnh@example.com,Female,110.83.132.30
847,Alis,Bagster,abagsterni@mozilla.com,Female,132.1.1.37
848,Gabi,Trustram,gtrustramnj@is.gd,Male,209.61.212.151
849,Jared,Adcocks,jadcocksnk@miibeian.gov.cn,Male,105.38.51.149
850,Reuven,Lemme,rlemmenl@linkedin.com,Male,196.186.138.178
851,Sherry,Delcastel,sdelcastelnm@google.com.hk,Female,16.12.9.114
852,Krista,Kellaway,kkellawaynn@fastcompany.com,Female,130.254.31.21
853,Gareth,Dibdin,gdibdinno@amazon.co.uk,Male,156.231.150.80
854,Ozzie,Henkmann,ohenkmannnp@wikispaces.com,Male,101.129.128.85
855,Tomlin,Rosenblad,trosenbladnq@about.com,Male,45.145.56.244
856,Kelly,Hall,khallnr@com.com,Male,203.153.179.145
857,Lance,Chadwin,lchadwinns@phpbb.com,Male,203.72.230.208
858,Barrie,Gregson,bgregsonnt@trellian.com,Female,184.82.54.8
859,Isiahi,Dory,idorynu@desdev.cn,Male,177.122.47.180
860,Leontine,Gosalvez,lgosalveznv@dmoz.org,Female,243.29.244.5
861,Karlik,Thalmann,kthalmannnw@gravatar.com,Male,92.34.46.85
862,Nani,Rolf,nrolfnx@adobe.com,Female,59.54.225.176
863,Aryn,Tattershaw,atattershawny@boston.com,Female,249.26.7.255
864,Daffy,Frood,dfroodnz@domainmarket.com,Female,85.219.205.63
865,Cristabel,Hanhardt,chanhardto0@example.com,Female,248.209.173.29
866,Pail,Stoodale,pstoodaleo1@economist.com,Male,26.165.202.143
867,Pegeen,Behr,pbehro2@dagondesign.com,Female,195.108.110.92
868,Stan,Kettel,skettelo3@e-recht24.de,Male,87.25.60.39
869,Maje,Coffin,mcoffino4@mysql.com,Male,252.107.94.253
870,Barris,Kembrey,bkembreyo5@kickstarter.com,Male,159.121.241.82
871,Lorrayne,Evenett,levenetto6@blinklist.com,Female,50.44.96.49
872,Stacie,Gilmartin,sgilmartino7@smugmug.com,Female,85.54.39.171
873,Gram,Rossin,grossino8@goodreads.com,Male,166.98.75.214
874,Fitz,Lazar,flazaro9@addtoany.com,Male,177.5.225.245
875,Casper,Ungerecht,cungerechtoa@sina.com.cn,Male,112.183.164.89
876,Inglebert,Tichner,itichnerob@who.int,Male,151.74.221.218
877,Gillian,Wylder,gwylderoc@g.co,Female,62.190.179.58
878,Silvanus,Olijve,solijveod@yelp.com,Male,22.17.159.80
879,Alain,Stuchbery,astuchberyoe@tinyurl.com,Male,40.63.189.4
880,Bobbie,Klaiser,bklaiserof@quantcast.com,Female,101.141.203.110
881,Allina,Vaune,avauneog@1und1.de,Female,194.248.26.11
882,Arabelle,Carlisi,acarlisioh@uol.com.br,Female,199.62.86.133
883,Vita,Merle,vmerleoi@hostgator.com,Female,191.187.182.2
884,Conway,Crass,ccrassoj@technorati.com,Male,126.156.195.102
885,Titus,Cuttler,tcuttlerok@myspace.com,Male,169.93.105.106
886,Delcine,Korn,dkornol@elegantthemes.com,Female,14.253.93.2
887,Amory,Sertin,asertinom@wsj.com,Male,246.238.175.13
888,Hurley,Theis,htheison@marketwatch.com,Male,157.89.186.112
889,Katrinka,O'Sheils,kosheilsoo@creativecommons.org,Female,34.180.111.161
890,Adela,Margaret,amargaretop@omniture.com,Female,211.95.71.62
891,Roslyn,Blakebrough,rblakebroughoq@xing.com,Female,4.128.33.196
892,Regina,Veck,rveckor@stanford.edu,Female,255.198.235.190
893,Guthrey,Cherrison,gcherrisonos@amazon.com,Male,207.119.136.126
894,Niall,Koba,nkobaot@github.com,Male,52.41.182.169
895,Jock,Quilliam,jquilliamou@engadget.com,Male,27.146.242.129
896,Mella,Bausmann,mbausmannov@amazon.co.jp,Female,73.160.212.129
897,Edgardo,Hiers,ehiersow@youtu.be,Male,58.68.226.14
898,Guglielma,Crewe,gcreweox@alibaba.com,Female,197.192.132.78
899,Mill,Laughren,mlaughrenoy@hc360.com,Male,82.13.20.69
900,Lemmy,Towns,ltownsoz@behance.net,Male,101.185.130.76
901,Gibby,Millwall,gmillwallp0@over-blog.com,Male,84.118.183.144
902,Neron,Allmark,nallmarkp1@yelp.com,Male,233.134.79.197
903,Ellie,Carnoghan,ecarnoghanp2@bing.com,Female,117.70.241.54
904,Lindsey,Bickley,lbickleyp3@ebay.co.uk,Female,57.164.101.145
905,Roarke,Humbles,rhumblesp4@cargocollective.com,Male,100.211.136.42
906,Perren,Munning,pmunningp5@google.co.jp,Male,250.42.63.180
907,Elva,Haldane,ehaldanep6@usda.gov,Female,129.70.26.103
908,Carolina,Binch,cbinchp7@hao123.com,Female,31.242.5.59
909,Lazaro,Gergher,lgergherp8@ovh.net,Male,57.100.85.142
910,Linzy,Pennicott,lpennicottp9@nymag.com,Female,111.141.95.228
911,Neysa,Habbershon,nhabbershonpa@themeforest.net,Female,67.155.39.34
912,Deerdre,Drillot,ddrillotpb@senate.gov,Female,62.37.159.233
913,Denver,Aaronsohn,daaronsohnpc@cafepress.com,Male,134.234.32.8
914,Far,Cocklie,fcockliepd@rakuten.co.jp,Male,235.146.75.213
915,Andrei,Linacre,alinacrepe@sciencedirect.com,Female,5.223.240.56
916,Tommie,Greggs,tgreggspf@dedecms.com,Female,140.193.116.85
917,Nerty,Muncie,nmunciepg@omniture.com,Female,235.180.134.137
918,Mireille,Dollimore,mdollimoreph@pinterest.com,Female,37.102.198.108
919,Sela,Weedon,sweedonpi@scribd.com,Female,29.171.198.24
920,Torry,Clappison,tclappisonpj@google.com.au,Male,152.182.13.138
921,Wald,D'Ambrogi,wdambrogipk@arizona.edu,Male,81.75.186.85
922,Marley,MacLaig,mmaclaigpl@shareasale.com,Female,171.105.180.113
923,Yul,Sibbons,ysibbonspm@omniture.com,Male,121.45.116.61
924,Bruno,Waycott,bwaycottpn@gizmodo.com,Male,66.165.130.232
925,Effie,Woolen,ewoolenpo@jugem.jp,Female,110.178.90.49
926,Briano,Hooban,bhoobanpp@ucoz.com,Male,22.49.61.45
927,Johannah,Archanbault,jarchanbaultpq@noaa.gov,Female,40.15.121.141
928,Gene,Tallon,gtallonpr@mozilla.org,Male,57.59.148.164
929,Torey,Suggate,tsuggateps@addthis.com,Male,223.103.161.129
930,Ermengarde,Sambell,esambellpt@rediff.com,Female,106.239.236.146
931,Sarine,Ogborn,sogbornpu@hc360.com,Female,58.121.104.112
932,Fallon,Saunper,fsaunperpv@pagesperso-orange.fr,Female,52.68.232.130
933,Ariela,Dincke,adinckepw@oakley.com,Female,195.229.135.114
934,Teodor,Ellcock,tellcockpx@fda.gov,Male,110.236.123.195
935,Sadye,Bissett,sbissettpy@blinklist.com,Female,69.124.206.137
936,Scotti,Doy,sdoypz@sphinn.com,Male,59.233.134.77
937,Harp,Choldcroft,hcholdcroftq0@homestead.com,Male,123.21.28.178
938,Genna,Emtage,gemtageq1@apache.org,Female,113.127.74.120
939,Sharl,Waitland,swaitlandq2@engadget.com,Female,151.97.148.145
940,Karia,Ianson,kiansonq3@pagesperso-orange.fr,Female,169.255.93.206
941,Michel,Gentile,mgentileq4@omniture.com,Female,115.204.82.179
942,Gus,Sifleet,gsifleetq5@epa.gov,Female,117.49.149.234
943,Cleveland,Ship,cshipq6@whitehouse.gov,Male,11.69.88.116
944,Odille,McPeake,omcpeakeq7@phoca.cz,Female,105.53.168.195
945,Katalin,Sawle,ksawleq8@ftc.gov,Female,190.123.190.93
946,Aymer,de Vaen,adevaenq9@cbc.ca,Male,120.190.135.92
947,Dasya,Deboo,ddebooqa@google.com.br,Female,194.254.120.69
948,Cinderella,Charlot,ccharlotqb@vkontakte.ru,Female,138.55.157.57
949,Yvonne,Harbison,yharbisonqc@tuttocitta.it,Female,145.50.124.61
950,Enoch,Eyrl,eeyrlqd@simplemachines.org,Male,128.94.182.133
951,Patty,Madsen,pmadsenqe@feedburner.com,Male,85.16.67.119
952,Derron,Kinze,dkinzeqf@si.edu,Male,58.34.182.186
953,Lethia,Mirando,lmirandoqg@home.pl,Female,139.96.169.150
954,Casi,Simony,csimonyqh@wix.com,Female,190.243.52.144
955,Vickie,Mingard,vmingardqi@cafepress.com,Female,60.158.133.109
956,Yelena,Hanretty,yhanrettyqj@flickr.com,Female,120.238.184.220
957,Horace,Youles,hyoulesqk@ustream.tv,Male,17.97.11.253
958,Agna,Alexandrescu,aalexandrescuql@va.gov,Female,15.29.48.146
959,Marielle,Hamerton,mhamertonqm@g.co,Female,87.194.113.213
960,Palmer,Ickeringill,pickeringillqn@freewebs.com,Male,9.167.225.184
961,Vannie,Wyldes,vwyldesqo@icio.us,Female,147.49.68.246
962,Doloritas,Loveridge,dloveridgeqp@webs.com,Female,170.13.249.208
963,Josephina,Wapplington,jwapplingtonqq@howstuffworks.com,Female,220.56.48.235
964,Bradley,Spadollini,bspadolliniqr@liveinternet.ru,Male,190.37.111.248
965,Luise,Kolak,lkolakqs@sfgate.com,Female,196.62.90.16
966,Don,Fussey,dfusseyqt@google.es,Male,36.147.214.41
967,Gracie,McSweeney,gmcsweeneyqu@china.com.cn,Female,20.60.208.162
968,Josey,Rysdale,jrysdaleqv@mit.edu,Female,28.12.48.88
969,Cori,Rous,crousqw@barnesandnoble.com,Male,219.208.156.206
970,Agatha,Kupec,akupecqx@tmall.com,Female,235.197.49.17
971,Gabe,Blackaller,gblackallerqy@cornell.edu,Male,228.188.112.159
972,Phedra,Kavanagh,pkavanaghqz@rambler.ru,Female,114.54.96.38
973,Salli,Tookey,stookeyr0@hc360.com,Female,155.91.39.18
974,Lanie,Pancast,lpancastr1@psu.edu,Female,37.23.5.119
975,Andrej,Dolton,adoltonr2@free.fr,Male,57.93.157.155
976,Bev,Tonbye,btonbyer3@economist.com,Female,122.8.106.10
977,Catharine,Blow,cblowr4@wsj.com,Female,172.39.11.202
978,Issy,Meegan,imeeganr5@fema.gov,Female,177.215.122.188
979,Emmy,Bartolomivis,ebartolomivisr6@unc.edu,Male,124.117.238.137
980,Brendan,Goodricke,bgoodricker7@dion.ne.jp,Male,92.218.114.85
981,Marlene,Killiner,mkillinerr8@vk.com,Female,168.7.91.74
982,Barbi,Mawby,bmawbyr9@ucoz.com,Female,221.116.24.97
983,Kenny,Shearer,kshearerra@cyberchimps.com,Male,95.95.37.18
984,Stephana,Botfield,sbotfieldrb@omniture.com,Female,29.43.9.217
985,Prentice,Micallef,pmicallefrc@github.io,Male,99.10.90.72
986,Gardie,Coles,gcolesrd@imdb.com,Male,224.25.235.120
987,Elfrida,Lorente,elorentere@symantec.com,Female,246.59.132.144
988,Brien,Stallard,bstallardrf@indiatimes.com,Male,220.38.185.242
989,Ddene,Burkman,dburkmanrg@irs.gov,Female,100.53.48.44
990,Herold,Meffin,hmeffinrh@auda.org.au,Male,72.154.98.176
991,Lauretta,Minucci,lminucciri@usatoday.com,Female,133.253.120.131
992,Webster,Nawton,wnawtonrj@dailymotion.com,Male,78.122.93.86
993,Marja,Sieghart,msieghartrk@usnews.com,Female,196.134.161.245
994,Austin,Exroll,aexrollrl@msu.edu,Male,52.215.75.107
995,Malanie,Rope,mroperm@csmonitor.com,Female,56.93.8.40
996,Huey,Absalom,habsalomrn@theatlantic.com,Male,166.37.251.86
997,Wes,Cowlam,wcowlamro@cocolog-nifty.com,Male,125.194.189.165
998,Maurise,Pauwel,mpauwelrp@army.mil,Female,101.124.49.230
999,Billie,Stiell,blorkinrq@dyndns.org,Female,98.204.148.211
1000,Elfrieda,Stiell,estiellrr@adobe.com,Female,42.66.74.5
